{"stats":{"minecraft:picked_up":{"minecraft:redstone_block":1,"minecraft:repeater":2,"minecraft:white_stained_glass":1,"minecraft:comparator":4,"minecraft:powered_rail":3,"minecraft:diamond_ore":396,"minecraft:lime_shulker_box":2,"minecraft:orange_shulker_box":5,"minecraft:pink_concrete":1,"minecraft:dropper":1,"minecraft:sand":5,"minecraft:light_blue_shulker_box":6,"minecraft:warped_button":2,"minecraft:redstone":49,"minecraft:diamond_block":144,"minecraft:red_shulker_box":4,"minecraft:diamond":359,"minecraft:white_concrete":1,"minecraft:white_shulker_box":19},"minecraft:custom":{"minecraft:inspect_dropper":60,"minecraft:interact_with_anvil":3,"minecraft:inspect_hopper":102,"minecraft:open_barrel":91,"minecraft:open_shulker_box":54,"minecraft:eat_cake_slice":7,"minecraft:leave_game":1,"minecraft:time_since_death":489077,"minecraft:time_since_rest":489077,"minecraft:sprint_one_cm":9396,"minecraft:walk_one_cm":49024,"minecraft:drop":116,"minecraft:fly_one_cm":1056577,"minecraft:open_chest":3,"minecraft:crouch_one_cm":13123,"minecraft:play_time":489077,"minecraft:sneak_time":26240,"minecraft:jump":210,"minecraft:total_world_time":490670,"minecraft:inspect_dispenser":102},"minecraft:dropped":{"minecraft:diamond_block":249,"minecraft:comparator":1,"minecraft:light_gray_concrete":1,"minecraft:white_shulker_box":1,"minecraft:dropper":1,"minecraft:white_stained_glass":1,"minecraft:redstone":1},"minecraft:used":{"minecraft:oak_fence":7,"minecraft:oak_trapdoor":4,"minecraft:light_blue_shulker_box":1,"minecraft:dropper":32,"minecraft:flint_and_steel":1,"minecraft:red_concrete":7,"minecraft:powered_rail":12,"minecraft:dispenser":33,"minecraft:redstone":178,"minecraft:chest":8,"minecraft:tinted_glass":16,"minecraft:brown_concrete":28,"minecraft:stone":24,"minecraft:composter":19,"minecraft:redstone_block":88,"minecraft:white_shulker_box":18,"minecraft:cauldron":2,"minecraft:beacon":1,"minecraft:pink_concrete":50,"minecraft:anvil":2,"minecraft:polished_deepslate_slab":2,"minecraft:comparator":69,"minecraft:diamond_block":4,"minecraft:rail":18,"minecraft:soul_sand":11,"minecraft:sand":15,"minecraft:target":4,"minecraft:mangrove_trapdoor":7,"minecraft:light_blue_concrete":60,"minecraft:tnt":1,"minecraft:hopper":37,"minecraft:crimson_trapdoor":6,"minecraft:birch_sign":8,"minecraft:yellow_concrete":100,"minecraft:light_gray_glazed_terracotta":2,"minecraft:note_block":15,"minecraft:lime_shulker_box":1,"minecraft:stone_brick_wall":8,"minecraft:black_concrete_powder":7,"minecraft:cake":4,"minecraft:redstone_torch":12,"minecraft:glass":46,"minecraft:sticky_piston":109,"minecraft:red_shulker_box":2,"minecraft:piston":40,"minecraft:waxed_oxidized_copper":2,"minecraft:honey_block":9,"minecraft:sea_lantern":9,"minecraft:black_concrete":31,"minecraft:light_gray_concrete":11,"minecraft:iron_block":9,"minecraft:slime_block":6,"minecraft:verdant_froglight":1,"minecraft:orange_shulker_box":1,"minecraft:hopper_minecart":20,"minecraft:barrel":16,"minecraft:item_frame":1,"minecraft:repeater":27,"minecraft:redstone_lamp":28,"minecraft:lime_concrete":18,"minecraft:snow":24,"minecraft:gray_glazed_terracotta":3,"minecraft:iron_trapdoor":3,"minecraft:jungle_button":3,"minecraft:yellow_glazed_terracotta":10,"minecraft:white_stained_glass_pane":4,"minecraft:white_stained_glass":24,"minecraft:pink_shulker_box":3,"minecraft:pink_stained_glass":2,"minecraft:white_concrete":161,"minecraft:warped_button":4,"minecraft:observer":82}},"DataVersion":3120}